{"epoch": 19, "Training Accuracy": 80.66666666666667, "Validation Accuracy": 74.81481481481481, "Training Loss": 2955.473753452301, "Validation Loss": 1836.5545897483826, "_timestamp": 1720156807.2565958, "_runtime": 1888.0927329063416, "_step": 20}